MCDONALD'S,MCDONALD'S.pdf
CHICK-FIL-A,CHICK-FIL-A.pdf
TACO BELL,TACO BELL.pdf
WENDY'S,WENDY'S.pdf
SUBWAY,SUBWAY.pdf
BURGER KING,BURGER KING.pdf
DOMINO'S,DOMINO'S.pdf
CHIPOTLE,CHIPOTLE.pdf
PANERA BREAD,PANERA BREAD.pdf
PIZZA HUT,PIZZA HUT.pdf
SONIC DRIVE-IN,SONIC DRIVE-IN.pdf
PANDA EXPRESS,PANDA EXPRESS.pdf
KFC,KFC.pdf
POPEYES LOUISIANA KITCHEN,POPEYES LOUISIANA KITCHEN.pdf
DAIRY QUEEN,DAIRY QUEEN.pdf
ARBY'S,ARBY'S.pdf
JACK IN THE BOX,JACK IN THE BOX.pdf
PAPA JOHNS,PAPA JOHNS (1).pdf
LITTLE CAESARS,LITTLE CAESARS.pdf
RAISING CANE'S,RAISING CANE'S.pdf
WHATABURGER,WHATABURGER.pdf
WINGSTOP,WINGSTOP.pdf
CULVER'S,CULVER'S.pdf
WHATABURGER        ,WHATABURGER.pdf
JERSEY MIKE'S,JERSEY MIKE'S.pdf
ZAXBY'S,ZAXBY'S.pdf
JIMMY JOHN'S,JIMMY JOHN'S.pdf
FIVE GUYS,FIVE GUYS.pdf
HARDEE'S	,HARDEE'S.pdf
BOJANGLES        ,BOJANGLES.pdf
CARL'S JR.,CARL'S JR..pdf
FIREHOUSE SUBS,FIREHOUSE SUBS.pdf
IN-N-OUT BURGER,IN-N-OUT BURGER.pdf
EL POLLO LOCO,EL POLLO LOCO.pdf
SHAKE SHACK,SHAKE SHACK.pdf
DEL TACO,DEL TACO.pdf
MARCO'S PIZZA,MARCO'S PIZZA.pdf
CHURCH'S CHICKEN,CHURCH'S CHICKEN.pdf
BLAZE PIZZA,BLAZE PIZZA.pdf
FLAME BROILER,FLAME BROILER.pdf